{"resourceId":301,"properties":{"process_id":"ScriptTask","name":"ScriptTask","documentation":"","process_author":"","process_version":"","process_namespace":"http://www.activiti.org/processdef","executionlisteners":"","eventlisteners":"","signaldefinitions":"","messagedefinitions":"","executionvariables":"","metadata":"","nonpersistenceformfields":"","deleteallvariables":"false"},"stencil":{"id":"BPMNDiagram"},"childShapes":[{"resourceId":"startEvent1","properties":{"overrideid":"","name":"START","documentation":"","executionlisteners":"","initiator":"","formkeydefinition":"","formreference":{"id":302,"name":"Message Form","referenceId":301},"fieldstovariables":"","formproperties":""},"stencil":{"id":"StartNoneEvent"},"childShapes":[],"outgoing":[{"resourceId":"sid-EB73EBB3-0F28-4E6F-90F6-EF5E26964CBA"}],"bounds":{"lowerRight":{"x":120,"y":170},"upperLeft":{"x":90,"y":140}},"dockers":[]},{"resourceId":"sid-6CD13653-D561-4D94-9538-E9E3FFA9C641","properties":{"scriptformat":"javascript","scripttext":"var message = execution.getVariable('message');\r\nvar user = userInfoBean.getCurrentUser();\r\nvar fullName = user.getFirstName() + ' ' + user.getLastName();\r\n\r\nprint('New Message From (JavaScript): ' + fullName);\r\nprint(message);\r\n\r\nexecution.setVariable('sender', fullName);\r\nexecution.setVariable('message',message + \": created in JavaScript\")","executionvariables":[{"variableName":"sender","variableType":"string","$$hashKey":"uiGrid-0029","mapVariable":false}],"overrideid":"","name":"Javascript Task","documentation":"","asynchronousdefinition":"false","exclusivedefinition":"false","executionlisteners":"","multiinstance_type":"None","multiinstance_cardinality":"","multiinstance_collection":"","multiinstance_variable":"","multiinstance_condition":"","isforcompensation":"false"},"stencil":{"id":"ScriptTask"},"childShapes":[],"outgoing":[{"resourceId":"sid-E78F4CB2-4904-4620-A69A-10B86A217A5C"}],"bounds":{"lowerRight":{"x":460,"y":125},"upperLeft":{"x":360,"y":45}},"dockers":[]},{"resourceId":"sid-A634C795-5361-423F-A1D3-5429116C27F2","properties":{"overrideid":"","name":"","documentation":"","asynchronousdefinition":"false","exclusivedefinition":"false","sequencefloworder":""},"stencil":{"id":"ExclusiveGateway"},"childShapes":[],"outgoing":[{"resourceId":"sid-EA82E741-F5F0-4FF9-A6F8-C5D33F0D907F"},{"resourceId":"sid-8B66BE4B-197D-402E-9180-30B7A0F66546"}],"bounds":{"lowerRight":{"x":235,"y":175},"upperLeft":{"x":195,"y":135}},"dockers":[]},{"resourceId":"sid-EB73EBB3-0F28-4E6F-90F6-EF5E26964CBA","properties":{"overrideid":"","name":"","documentation":"","conditionsequenceflow":"","executionlisteners":"","defaultflow":"false"},"stencil":{"id":"SequenceFlow"},"childShapes":[],"outgoing":[{"resourceId":"sid-A634C795-5361-423F-A1D3-5429116C27F2"}],"bounds":{"lowerRight":{"x":195.09375,"y":155},"upperLeft":{"x":120.609375,"y":155}},"dockers":[{"x":15,"y":15},{"x":20,"y":20}],"target":{"resourceId":"sid-A634C795-5361-423F-A1D3-5429116C27F2"}},{"resourceId":"sid-64FFAFF0-FA77-4C08-AE27-3CC9DD417884","properties":{"scriptformat":"groovy","scripttext":"message = execution.getVariable('message');\r\nuser = userInfoBean.getCurrentUser();\r\nfullName = user.getFirstName() + ' ' + user.getLastName();\r\n\r\nprint('New Message From (Groovy): ' + fullName);\r\nprint(message);\r\n\r\nexecution.setVariable('sender', fullName);\r\nexecution.setVariable('message',message + \": created in Groovy\")","executionvariables":[{"variableName":"sender","variableType":"string","$$hashKey":"uiGrid-002N","mapVariable":false}],"overrideid":"","name":"Groovy Task","documentation":"","asynchronousdefinition":"false","exclusivedefinition":"false","executionlisteners":"","multiinstance_type":"None","multiinstance_cardinality":"","multiinstance_collection":"","multiinstance_variable":"","multiinstance_condition":"","isforcompensation":"false"},"stencil":{"id":"ScriptTask"},"childShapes":[],"outgoing":[{"resourceId":"sid-9A746FA7-FEE7-4D4D-8421-DF2FDFD4AB40"}],"bounds":{"lowerRight":{"x":460,"y":290},"upperLeft":{"x":360,"y":210}},"dockers":[]},{"resourceId":"sid-3E195109-AD2A-471D-B296-2D51523C51F9","properties":{"overrideid":"","name":"","documentation":"","asynchronousdefinition":"false","exclusivedefinition":"false","sequencefloworder":""},"stencil":{"id":"ExclusiveGateway"},"childShapes":[],"outgoing":[{"resourceId":"sid-0C857D4E-A9BE-4D72-B9BC-A82850BF83C4"}],"bounds":{"lowerRight":{"x":626,"y":172},"upperLeft":{"x":586,"y":132}},"dockers":[]},{"resourceId":"sid-E78F4CB2-4904-4620-A69A-10B86A217A5C","properties":{"overrideid":"","name":"","documentation":"","conditionsequenceflow":"","executionlisteners":"","defaultflow":"false"},"stencil":{"id":"SequenceFlow"},"childShapes":[],"outgoing":[{"resourceId":"sid-3E195109-AD2A-471D-B296-2D51523C51F9"}],"bounds":{"lowerRight":{"x":591.272508223501,"y":146.96560230089062},"upperLeft":{"x":460.71186677649905,"y":102.33517894910938}},"dockers":[{"x":50,"y":40},{"x":20,"y":20}],"target":{"resourceId":"sid-3E195109-AD2A-471D-B296-2D51523C51F9"}},{"resourceId":"sid-9A746FA7-FEE7-4D4D-8421-DF2FDFD4AB40","properties":{"overrideid":"","name":"","documentation":"","conditionsequenceflow":"","executionlisteners":"","defaultflow":"false"},"stencil":{"id":"SequenceFlow"},"childShapes":[],"outgoing":[{"resourceId":"sid-3E195109-AD2A-471D-B296-2D51523C51F9"}],"bounds":{"lowerRight":{"x":592.0899478090001,"y":224.66997390450004},"upperLeft":{"x":460.6600521909999,"y":158.95502609549996}},"dockers":[{"x":50,"y":40},{"x":20,"y":20}],"target":{"resourceId":"sid-3E195109-AD2A-471D-B296-2D51523C51F9"}},{"resourceId":"sid-DD5F8DA4-6C3C-400B-BE70-1C8DDA23358C","properties":{"overrideid":"","name":"Confirmation","documentation":"","asynchronousdefinition":"false","exclusivedefinition":"false","executionlisteners":"","multiinstance_type":"None","multiinstance_cardinality":"","multiinstance_collection":"","multiinstance_variable":"","multiinstance_condition":"","isforcompensation":"false","usertasksendemail":true,"usertaskassignment":"","formkeydefinition":"","formreference":{"id":303,"name":"Message Confirm","referenceId":301},"fieldstovariables":"","duedatedefinition":"","prioritydefinition":"","categorydefinition":"","formproperties":"","tasklisteners":"","emailtemplate":""},"stencil":{"id":"UserTask"},"childShapes":[],"outgoing":[{"resourceId":"sid-3180C104-7229-49FE-BCA5-A8E8A87E53D4"}],"bounds":{"lowerRight":{"x":805,"y":192},"upperLeft":{"x":705,"y":112}},"dockers":[]},{"resourceId":"sid-0C857D4E-A9BE-4D72-B9BC-A82850BF83C4","properties":{"overrideid":"","name":"","documentation":"","conditionsequenceflow":"","executionlisteners":"","defaultflow":"false"},"stencil":{"id":"SequenceFlow"},"childShapes":[],"outgoing":[{"resourceId":"sid-DD5F8DA4-6C3C-400B-BE70-1C8DDA23358C"}],"bounds":{"lowerRight":{"x":704.1132869183076,"y":152.4341330157182},"upperLeft":{"x":626.0624943316924,"y":152.1713357342818}},"dockers":[{"x":20.5,"y":20.5},{"x":50,"y":40}],"target":{"resourceId":"sid-DD5F8DA4-6C3C-400B-BE70-1C8DDA23358C"}},{"resourceId":"sid-12FE6F72-34AB-4949-91EC-702F5185F4A0","properties":{"overrideid":"","name":"END","documentation":"","executionlisteners":""},"stencil":{"id":"EndNoneEvent"},"childShapes":[],"outgoing":[],"bounds":{"lowerRight":{"x":878,"y":166},"upperLeft":{"x":850,"y":138}},"dockers":[]},{"resourceId":"sid-3180C104-7229-49FE-BCA5-A8E8A87E53D4","properties":{"overrideid":"","name":"","documentation":"","conditionsequenceflow":"","executionlisteners":"","defaultflow":"false"},"stencil":{"id":"SequenceFlow"},"childShapes":[],"outgoing":[{"resourceId":"sid-12FE6F72-34AB-4949-91EC-702F5185F4A0"}],"bounds":{"lowerRight":{"x":849.375,"y":152},"upperLeft":{"x":805.390625,"y":152}},"dockers":[{"x":50,"y":40},{"x":14,"y":14}],"target":{"resourceId":"sid-12FE6F72-34AB-4949-91EC-702F5185F4A0"}},{"resourceId":"sid-EA82E741-F5F0-4FF9-A6F8-C5D33F0D907F","properties":{"overrideid":"","name":"","documentation":"","conditionsequenceflow":{"expression":{"type":"variables","leftFormFieldId":"usegroovy","operator":"==","rightValue":"true","leftFormFieldType":"boolean"}},"executionlisteners":"","defaultflow":"false","showdiamondmarker":false},"stencil":{"id":"SequenceFlow"},"childShapes":[],"outgoing":[{"resourceId":"sid-64FFAFF0-FA77-4C08-AE27-3CC9DD417884"}],"bounds":{"lowerRight":{"x":359.5516011486222,"y":249.24167528781453},"upperLeft":{"x":217.00595850007994,"y":174.6103792660588}},"dockers":[{"x":22.00595850007994,"y":39.6103792660588},{"x":1,"y":40}],"target":{"resourceId":"sid-64FFAFF0-FA77-4C08-AE27-3CC9DD417884"}},{"resourceId":"sid-8B66BE4B-197D-402E-9180-30B7A0F66546","properties":{"overrideid":"","name":"","documentation":"","conditionsequenceflow":{"expression":{"type":"variables","leftFormFieldId":"usegroovy","operator":"==","rightValue":"false","leftFormFieldType":"boolean"}},"executionlisteners":"","defaultflow":"false","showdiamondmarker":false},"stencil":{"id":"SequenceFlow"},"childShapes":[],"outgoing":[{"resourceId":"sid-6CD13653-D561-4D94-9538-E9E3FFA9C641"}],"bounds":{"lowerRight":{"x":359.49790937290254,"y":136.86114146927747},"upperLeft":{"x":218.05597046102562,"y":85.54496948744779}},"dockers":[{"x":22.11592699410744,"y":2.202196128099871},{"x":1,"y":40}],"target":{"resourceId":"sid-6CD13653-D561-4D94-9538-E9E3FFA9C641"}}],"bounds":{"lowerRight":{"x":5000,"y":2050},"upperLeft":{"x":0,"y":0}},"stencilset":{"url":"stencilsets/bpmn2.0/bpmn2.0.json","namespace":"http://b3mn.org/stencilset/bpmn2.0#"},"ssextensions":[]}