<?xml version='1.0' encoding='UTF-8'?>
<bpmn2:definitions xmlns="http://www.omg.org/spec/BPMN/20100524/MODEL" xmlns:bpmn2="http://www.omg.org/spec/BPMN/20100524/MODEL" xmlns:xsi="http://www.w3.org/2001/XMLSchema-instance" xmlns:xsd="http://www.w3.org/2001/XMLSchema" xmlns:activiti="http://activiti.org/bpmn" xmlns:bpmndi="http://www.omg.org/spec/BPMN/20100524/DI" xmlns:omgdc="http://www.omg.org/spec/DD/20100524/DC" xmlns:omgdi="http://www.omg.org/spec/DD/20100524/DI" typeLanguage="http://www.w3.org/2001/XMLSchema" expressionLanguage="http://www.w3.org/1999/XPath" targetNamespace="http://www.activiti.org/processdef" xmlns:modeler="http://activiti.com/modeler" modeler:version="1.0en" modeler:exportDateTime="20251105195721778" modeler:modelId="301" modeler:modelVersion="2" modeler:modelLastUpdated="1762372227571">
  <bpmn2:process id="ScriptTask" name="ScriptTask" isExecutable="true">
    <extensionElements>
      <modeler:deleteallvariables xmlns:modeler="http://activiti.com/modeler" modeler:deleteallvariables="false"/>
    </extensionElements>
    <bpmn2:startEvent id="startEvent1" name="START" activiti:formKey="302">
      <extensionElements>
        <modeler:form-reference-id><![CDATA[302]]></modeler:form-reference-id>
        <modeler:form-reference-name><![CDATA[Message Form]]></modeler:form-reference-name>
        <modeler:editor-resource-id><![CDATA[startEvent1]]></modeler:editor-resource-id>
      </extensionElements>
      <bpmn2:outgoing>sid-EB73EBB3-0F28-4E6F-90F6-EF5E26964CBA</bpmn2:outgoing>
    </bpmn2:startEvent>
    <bpmn2:scriptTask id="sid-6CD13653-D561-4D94-9538-E9E3FFA9C641" name="Javascript Task" scriptFormat="javascript" activiti:autoStoreVariables="false">
      <extensionElements>
        <modeler:executionvariables modeler:variableName="sender" modeler:variableType="string"/>
        <modeler:editor-resource-id><![CDATA[sid-6CD13653-D561-4D94-9538-E9E3FFA9C641]]></modeler:editor-resource-id>
      </extensionElements>
      <bpmn2:incoming>sid-8B66BE4B-197D-402E-9180-30B7A0F66546</bpmn2:incoming>
      <bpmn2:outgoing>sid-E78F4CB2-4904-4620-A69A-10B86A217A5C</bpmn2:outgoing>
      <script><![CDATA[var message = execution.getVariable('message');
var user = userInfoBean.getCurrentUser();
var fullName = user.getFirstName() + ' ' + user.getLastName();

print('New Message From (JavaScript): ' + fullName);
print(message);

execution.setVariable('sender', fullName);
execution.setVariable('message',message + ": created in JavaScript")]]></script>
    </bpmn2:scriptTask>
    <bpmn2:exclusiveGateway id="sid-A634C795-5361-423F-A1D3-5429116C27F2">
      <extensionElements>
        <modeler:editor-resource-id><![CDATA[sid-A634C795-5361-423F-A1D3-5429116C27F2]]></modeler:editor-resource-id>
      </extensionElements>
      <bpmn2:incoming>sid-EB73EBB3-0F28-4E6F-90F6-EF5E26964CBA</bpmn2:incoming>
      <bpmn2:outgoing>sid-EA82E741-F5F0-4FF9-A6F8-C5D33F0D907F</bpmn2:outgoing>
      <bpmn2:outgoing>sid-8B66BE4B-197D-402E-9180-30B7A0F66546</bpmn2:outgoing>
    </bpmn2:exclusiveGateway>
    <bpmn2:sequenceFlow id="sid-EB73EBB3-0F28-4E6F-90F6-EF5E26964CBA" sourceRef="startEvent1" targetRef="sid-A634C795-5361-423F-A1D3-5429116C27F2">
      <extensionElements>
        <modeler:editor-resource-id><![CDATA[sid-EB73EBB3-0F28-4E6F-90F6-EF5E26964CBA]]></modeler:editor-resource-id>
      </extensionElements>
    </bpmn2:sequenceFlow>
    <bpmn2:scriptTask id="sid-64FFAFF0-FA77-4C08-AE27-3CC9DD417884" name="Groovy Task" scriptFormat="groovy" activiti:autoStoreVariables="false">
      <extensionElements>
        <modeler:executionvariables modeler:variableName="sender" modeler:variableType="string"/>
        <modeler:editor-resource-id><![CDATA[sid-64FFAFF0-FA77-4C08-AE27-3CC9DD417884]]></modeler:editor-resource-id>
      </extensionElements>
      <bpmn2:incoming>sid-EA82E741-F5F0-4FF9-A6F8-C5D33F0D907F</bpmn2:incoming>
      <bpmn2:outgoing>sid-9A746FA7-FEE7-4D4D-8421-DF2FDFD4AB40</bpmn2:outgoing>
      <script><![CDATA[message = execution.getVariable('message');
user = userInfoBean.getCurrentUser();
fullName = user.getFirstName() + ' ' + user.getLastName();

print('New Message From (Groovy): ' + fullName);
print(message);

execution.setVariable('sender', fullName);
execution.setVariable('message',message + ": created in Groovy")]]></script>
    </bpmn2:scriptTask>
    <bpmn2:exclusiveGateway id="sid-3E195109-AD2A-471D-B296-2D51523C51F9">
      <extensionElements>
        <modeler:editor-resource-id><![CDATA[sid-3E195109-AD2A-471D-B296-2D51523C51F9]]></modeler:editor-resource-id>
      </extensionElements>
      <bpmn2:incoming>sid-E78F4CB2-4904-4620-A69A-10B86A217A5C</bpmn2:incoming>
      <bpmn2:incoming>sid-9A746FA7-FEE7-4D4D-8421-DF2FDFD4AB40</bpmn2:incoming>
      <bpmn2:outgoing>sid-0C857D4E-A9BE-4D72-B9BC-A82850BF83C4</bpmn2:outgoing>
    </bpmn2:exclusiveGateway>
    <bpmn2:sequenceFlow id="sid-E78F4CB2-4904-4620-A69A-10B86A217A5C" sourceRef="sid-6CD13653-D561-4D94-9538-E9E3FFA9C641" targetRef="sid-3E195109-AD2A-471D-B296-2D51523C51F9">
      <extensionElements>
        <modeler:editor-resource-id><![CDATA[sid-E78F4CB2-4904-4620-A69A-10B86A217A5C]]></modeler:editor-resource-id>
      </extensionElements>
    </bpmn2:sequenceFlow>
    <bpmn2:sequenceFlow id="sid-9A746FA7-FEE7-4D4D-8421-DF2FDFD4AB40" sourceRef="sid-64FFAFF0-FA77-4C08-AE27-3CC9DD417884" targetRef="sid-3E195109-AD2A-471D-B296-2D51523C51F9">
      <extensionElements>
        <modeler:editor-resource-id><![CDATA[sid-9A746FA7-FEE7-4D4D-8421-DF2FDFD4AB40]]></modeler:editor-resource-id>
      </extensionElements>
    </bpmn2:sequenceFlow>
    <bpmn2:userTask id="sid-DD5F8DA4-6C3C-400B-BE70-1C8DDA23358C" name="Confirmation" activiti:assignee="$INITIATOR" activiti:formKey="303">
      <extensionElements>
        <modeler:allow-send-email><![CDATA[true]]></modeler:allow-send-email>
        <modeler:form-reference-id><![CDATA[303]]></modeler:form-reference-id>
        <modeler:form-reference-name><![CDATA[Message Confirm]]></modeler:form-reference-name>
        <modeler:activiti-idm-initiator><![CDATA[true]]></modeler:activiti-idm-initiator>
        <modeler:editor-resource-id><![CDATA[sid-DD5F8DA4-6C3C-400B-BE70-1C8DDA23358C]]></modeler:editor-resource-id>
      </extensionElements>
      <bpmn2:incoming>sid-0C857D4E-A9BE-4D72-B9BC-A82850BF83C4</bpmn2:incoming>
      <bpmn2:outgoing>sid-3180C104-7229-49FE-BCA5-A8E8A87E53D4</bpmn2:outgoing>
    </bpmn2:userTask>
    <bpmn2:sequenceFlow id="sid-0C857D4E-A9BE-4D72-B9BC-A82850BF83C4" sourceRef="sid-3E195109-AD2A-471D-B296-2D51523C51F9" targetRef="sid-DD5F8DA4-6C3C-400B-BE70-1C8DDA23358C">
      <extensionElements>
        <modeler:editor-resource-id><![CDATA[sid-0C857D4E-A9BE-4D72-B9BC-A82850BF83C4]]></modeler:editor-resource-id>
      </extensionElements>
    </bpmn2:sequenceFlow>
    <bpmn2:endEvent id="sid-12FE6F72-34AB-4949-91EC-702F5185F4A0" name="END">
      <extensionElements>
        <modeler:editor-resource-id><![CDATA[sid-12FE6F72-34AB-4949-91EC-702F5185F4A0]]></modeler:editor-resource-id>
      </extensionElements>
      <bpmn2:incoming>sid-3180C104-7229-49FE-BCA5-A8E8A87E53D4</bpmn2:incoming>
    </bpmn2:endEvent>
    <bpmn2:sequenceFlow id="sid-3180C104-7229-49FE-BCA5-A8E8A87E53D4" sourceRef="sid-DD5F8DA4-6C3C-400B-BE70-1C8DDA23358C" targetRef="sid-12FE6F72-34AB-4949-91EC-702F5185F4A0">
      <extensionElements>
        <modeler:editor-resource-id><![CDATA[sid-3180C104-7229-49FE-BCA5-A8E8A87E53D4]]></modeler:editor-resource-id>
      </extensionElements>
    </bpmn2:sequenceFlow>
    <bpmn2:sequenceFlow id="sid-EA82E741-F5F0-4FF9-A6F8-C5D33F0D907F" sourceRef="sid-A634C795-5361-423F-A1D3-5429116C27F2" targetRef="sid-64FFAFF0-FA77-4C08-AE27-3CC9DD417884">
      <extensionElements>
        <modeler:conditionDefinition modeler:index="0" modeler:leftFormFieldId="usegroovy" modeler:leftFormFieldType="boolean" modeler:rightValue="true" modeler:operator="=="/>
        <modeler:editor-resource-id><![CDATA[sid-EA82E741-F5F0-4FF9-A6F8-C5D33F0D907F]]></modeler:editor-resource-id>
      </extensionElements>
      <conditionExpression xsi:type="tFormalExpression"><![CDATA[${(activiti_flowConditionsBean.exists(execution, 'usegroovy') && usegroovy == true)}]]></conditionExpression>
    </bpmn2:sequenceFlow>
    <bpmn2:sequenceFlow id="sid-8B66BE4B-197D-402E-9180-30B7A0F66546" sourceRef="sid-A634C795-5361-423F-A1D3-5429116C27F2" targetRef="sid-6CD13653-D561-4D94-9538-E9E3FFA9C641">
      <extensionElements>
        <modeler:conditionDefinition modeler:index="0" modeler:leftFormFieldId="usegroovy" modeler:leftFormFieldType="boolean" modeler:rightValue="false" modeler:operator="=="/>
        <modeler:editor-resource-id><![CDATA[sid-8B66BE4B-197D-402E-9180-30B7A0F66546]]></modeler:editor-resource-id>
      </extensionElements>
      <conditionExpression xsi:type="tFormalExpression"><![CDATA[${(activiti_flowConditionsBean.exists(execution, 'usegroovy') && usegroovy == false)}]]></conditionExpression>
    </bpmn2:sequenceFlow>
  </bpmn2:process>
  <bpmndi:BPMNDiagram id="BPMNDiagram_ScriptTask">
    <bpmndi:BPMNPlane bpmnElement="ScriptTask" id="BPMNPlane_ScriptTask">
      <bpmndi:BPMNShape bpmnElement="startEvent1" id="BPMNShape_startEvent1">
        <omgdc:Bounds height="30.0" width="30.0" x="90.0" y="140.0"/>
      </bpmndi:BPMNShape>
      <bpmndi:BPMNShape bpmnElement="sid-6CD13653-D561-4D94-9538-E9E3FFA9C641" id="BPMNShape_sid-6CD13653-D561-4D94-9538-E9E3FFA9C641">
        <omgdc:Bounds height="80.0" width="100.0" x="360.0" y="45.0"/>
      </bpmndi:BPMNShape>
      <bpmndi:BPMNShape bpmnElement="sid-A634C795-5361-423F-A1D3-5429116C27F2" id="BPMNShape_sid-A634C795-5361-423F-A1D3-5429116C27F2">
        <omgdc:Bounds height="40.0" width="40.0" x="195.0" y="135.0"/>
      </bpmndi:BPMNShape>
      <bpmndi:BPMNShape bpmnElement="sid-64FFAFF0-FA77-4C08-AE27-3CC9DD417884" id="BPMNShape_sid-64FFAFF0-FA77-4C08-AE27-3CC9DD417884">
        <omgdc:Bounds height="80.0" width="100.0" x="360.0" y="210.0"/>
      </bpmndi:BPMNShape>
      <bpmndi:BPMNShape bpmnElement="sid-3E195109-AD2A-471D-B296-2D51523C51F9" id="BPMNShape_sid-3E195109-AD2A-471D-B296-2D51523C51F9">
        <omgdc:Bounds height="40.0" width="40.0" x="586.0" y="132.0"/>
      </bpmndi:BPMNShape>
      <bpmndi:BPMNShape bpmnElement="sid-DD5F8DA4-6C3C-400B-BE70-1C8DDA23358C" id="BPMNShape_sid-DD5F8DA4-6C3C-400B-BE70-1C8DDA23358C">
        <omgdc:Bounds height="80.0" width="100.0" x="705.0" y="112.0"/>
      </bpmndi:BPMNShape>
      <bpmndi:BPMNShape bpmnElement="sid-12FE6F72-34AB-4949-91EC-702F5185F4A0" id="BPMNShape_sid-12FE6F72-34AB-4949-91EC-702F5185F4A0">
        <omgdc:Bounds height="28.0" width="28.0" x="850.0" y="138.0"/>
      </bpmndi:BPMNShape>
      <bpmndi:BPMNEdge bpmnElement="sid-EA82E741-F5F0-4FF9-A6F8-C5D33F0D907F" id="BPMNEdge_sid-EA82E741-F5F0-4FF9-A6F8-C5D33F0D907F">
        <omgdi:waypoint x="217.00595850007994" y="174.6103792660588"/>
        <omgdi:waypoint x="360.0" y="249.47643930298335"/>
      </bpmndi:BPMNEdge>
      <bpmndi:BPMNEdge bpmnElement="sid-EB73EBB3-0F28-4E6F-90F6-EF5E26964CBA" id="BPMNEdge_sid-EB73EBB3-0F28-4E6F-90F6-EF5E26964CBA">
        <omgdi:waypoint x="120.0" y="155.0"/>
        <omgdi:waypoint x="195.0" y="155.0"/>
      </bpmndi:BPMNEdge>
      <bpmndi:BPMNEdge bpmnElement="sid-E78F4CB2-4904-4620-A69A-10B86A217A5C" id="BPMNEdge_sid-E78F4CB2-4904-4620-A69A-10B86A217A5C">
        <omgdi:waypoint x="460.0" y="102.09183673469389"/>
        <omgdi:waypoint x="591.0950570342205" y="146.90494296577947"/>
      </bpmndi:BPMNEdge>
      <bpmndi:BPMNEdge bpmnElement="sid-9A746FA7-FEE7-4D4D-8421-DF2FDFD4AB40" id="BPMNEdge_sid-9A746FA7-FEE7-4D4D-8421-DF2FDFD4AB40">
        <omgdi:waypoint x="460.0" y="225.0"/>
        <omgdi:waypoint x="592.6666666666666" y="158.66666666666666"/>
      </bpmndi:BPMNEdge>
      <bpmndi:BPMNEdge bpmnElement="sid-8B66BE4B-197D-402E-9180-30B7A0F66546" id="BPMNEdge_sid-8B66BE4B-197D-402E-9180-30B7A0F66546">
        <omgdi:waypoint x="217.17922951104725" y="137.17922951104725"/>
        <omgdi:waypoint x="360.0" y="85.36280732841058"/>
      </bpmndi:BPMNEdge>
      <bpmndi:BPMNEdge bpmnElement="sid-3180C104-7229-49FE-BCA5-A8E8A87E53D4" id="BPMNEdge_sid-3180C104-7229-49FE-BCA5-A8E8A87E53D4">
        <omgdi:waypoint x="805.0" y="152.0"/>
        <omgdi:waypoint x="850.0" y="152.0"/>
      </bpmndi:BPMNEdge>
      <bpmndi:BPMNEdge bpmnElement="sid-0C857D4E-A9BE-4D72-B9BC-A82850BF83C4" id="BPMNEdge_sid-0C857D4E-A9BE-4D72-B9BC-A82850BF83C4">
        <omgdi:waypoint x="625.5641891891892" y="152.4358108108108"/>
        <omgdi:waypoint x="705.0" y="152.16835016835017"/>
      </bpmndi:BPMNEdge>
    </bpmndi:BPMNPlane>
  </bpmndi:BPMNDiagram>
</bpmn2:definitions>